Product Name,Prices
TOSHIBA V35KP 108 cm (43 inch) Full HD LED Smart Android TV with DTS Virtual X (2022 Model),"₹34,990"
KODAK 126 cm (50 inch) QLED Ultra HD (4K) Smart Google TV With Dolby Atmos & Dolby Vision,"₹32,999"
Mi 5A 80 cm (32 inch) HD Ready LED Smart Android TV with Dolby Audio (2022 Model),"₹13,999"
Mi A series 80 cm (32 inch) HD Ready LED Smart Google TV with 1.5 GB RAM and Dolby Audio (2023 Model),"₹14,999"
Mi 5A 100 cm (40 inch) Full HD LED Smart Android TV with Dolby Audio (2022 Model),"₹21,999"
Mi X Series 108 cm (43 inch) Ultra HD (4K) LED Smart Android TV with Dolby Vision and 30W Dolby Audio ...,"₹28,999"
Mi X Series 125 cm (50 inch) Ultra HD (4K) LED Smart Android TV with Dolby Vision & 30W Dolby Audio (2...,"₹34,999"
KODAK 139 cm (55 inch) QLED Ultra HD (4K) Smart Google TV With Dolby Atmos & Dolby Vision,"₹36,999"
Mi 5A 108 cm (43 inch) Full HD LED Smart Android TV with Dolby Audio (2022 Model),"₹24,999"
Mi X Series 138 cm (55 inch) Ultra HD (4K) LED Smart Android TV with Dolby Vision & 30W Dolby Audio (2...,"₹39,999"
KODAK 164 cm (65 inch) QLED Ultra HD (4K) Smart Google TV With Dolby Atmos & Dolby Vision,"₹52,999"
Mi A series 108 cm (43 inch) Full HD LED Smart Google TV with Bezel-less Design and Dolby Audio (2023 ...,"₹24,999"
Mi X Pro 108 cm (43 inch) Ultra HD (4K) LED Smart Google TV with Dolby Vision IQ and 30W Dolby Atmos,"₹32,999"
Mi X Series 125 cm (50 inch) Ultra HD (4K) LED Smart Google TV,"₹34,999"
Mi 5X 108 cm (43 inch) Ultra HD (4K) LED Smart Android TV with Dolby Vision & 30W Dolby Atmos,"₹31,999"
Mi X Pro 125 cm (50 inch) Ultra HD (4K) LED Smart Google TV with Dolby Vision IQ and 40W Dolby Atmos,"₹41,999"
Mi X Series 108 cm (43 inch) Ultra HD (4K) LED Smart Google TV,"₹28,999"
Mi X Pro 138 cm (55 inch) Ultra HD (4K) LED Smart Google TV with Dolby Vision IQ and 40W Dolby Atmos,"₹47,999"
Mi X Series 138 cm (55 inch) Ultra HD (4K) LED Smart Google TV,"₹39,999"
Mi 5A 80 cm (32 inch) HD Ready LED Smart Android TV with 24W Dolby Audio & 1.5GB RAM (2022 Model),"₹16,999"
Mi 5X 125.7 cm (50 inch) Ultra HD (4K) LED Smart Android TV with Dolby Vision & 40W Dolby Atmos,"₹40,999"
Mi Q1 189.34 cm (75 inch) QLED Ultra HD (4K) Smart Android TV Full Array Local Dimming & 120Hz Refresh...,"₹1,44,999"
Mi 5X 138.8 cm (55 inch) Ultra HD (4K) LED Smart Android TV with Dolby Vision & 40W Dolby Atmos,"₹46,999"
Mi 4A Horizon Edition 100 cm (40 inch) Full HD LED Smart Android TV with 20W Powerful Audio & Bezel-le...,"₹21,999"
